1,Bulbasaur,Grass,Poison,318,45,49,49,65,65,45,1,False,Overgrow,,64,16
2,Ivysaur,Grass,Poison,405,60,62,63,80,80,60,1,False,Overgrow,,142,32
3,Venusaur,Grass,Poison,525,80,82,83,100,100,80,1,False,Overgrow,,263,-1
4,Charmander,Fire,,309,39,52,43,60,50,65,1,False,Blaze,,62,16
5,Charmeleon,Fire,,405,58,64,58,80,65,80,1,False,Blaze,,142,36
6,Charizard,Fire,Flying,534,78,84,78,109,85,100,1,False,Blaze,,267,-1
7,Squirtle,Water,,314,44,48,65,50,64,43,1,False,Torrent,,63,16
8,Wartortle,Water,,405,59,63,80,65,80,58,1,False,Torrent,,142,36
9,Blastoise,Water,,530,79,83,100,85,105,78,1,False,Torrent,,265,-1
10,Caterpie,Bug,,195,45,30,35,20,20,45,1,False,Shield Dust,,39,7
11,Metapod,Bug,,205,50,20,55,25,25,30,1,False,Shed Skin,,72,10
12,Butterfree,Bug,Flying,395,60,45,50,90,80,70,1,False,Compound Eyes,,198,-1
13,Weedle,Bug,Poison,195,40,35,30,20,20,50,1,False,Shield Dust,,39,7
14,Kakuna,Bug,Poison,205,45,25,50,25,25,35,1,False,Shed Skin,,72,10
15,Beedrill,Bug,Poison,395,65,90,40,45,80,75,1,False,Swarm,,198,-1
16,Pidgey,Normal,Flying,251,40,45,40,35,35,56,1,False,Keen Eye,,50,18
17,Pidgeotto,Normal,Flying,349,63,60,55,50,50,71,1,False,Keen Eye,,122,36
18,Pidgeot,Normal,Flying,479,83,80,75,70,70,101,1,False,Keen Eye,,240,-1
19,Rattata,Normal,,253,30,56,35,25,35,72,1,False,Run Away,,51,20
20,Raticate,Normal,,413,55,81,60,50,70,97,1,False,Run Away,,145,-1
21,Spearow,Normal,Flying,262,40,60,30,31,31,70,1,False,Keen Eye,,52,20
22,Fearow,Normal,Flying,442,65,90,65,61,61,100,1,False,Keen Eye,,155,-1
23,Ekans,Poison,,288,35,60,44,40,54,55,1,False,Intimidate,,58,22
24,Arbok,Poison,,438,60,85,69,65,79,80,1,False,Intimidate,,157,-1
25,Pikachu,Electric,,320,35,55,40,50,50,90,1,False,Static,,112,-1
26,Raichu,Electric,,485,60,90,55,90,80,110,1,False,Static,,243,-1
27,Sandshrew,Ground,,300,50,75,85,20,30,40,1,False,Sand Veil,,60,22
28,Sandslash,Ground,,450,75,100,110,45,55,65,1,False,Sand Veil,,158,-1
29,Nidoran♀,Poison,,275,55,47,52,40,40,41,1,False,Poison Plant,,55,16
30,Nidorina,Poison,,365,70,62,67,55,55,56,1,False,Poison Plant,,128,32
31,Nidoqueen,Poison,Ground,505,90,92,87,75,85,76,1,False,Poison Plant,,253,-1
32,Nidoran♂,Poison,,273,46,57,40,40,40,50,1,False,Poison Plant,,55,16
33,Nidorino,Poison,,365,61,72,57,55,55,65,1,False,Poison Plant,,128,32
34,Nidoking,Poison,Ground,505,81,102,77,85,75,85,1,False,Poison Plant,,253,-1
35,Clefairy,Fairy,,323,70,45,48,60,65,35,1,False,Cute Charm,,113,32
36,Clefable,Fairy,,483,95,70,73,95,90,60,1,False,Cute Charm,,242,-1
37,Vulpix,Fire,,299,38,41,40,50,65,65,1,False,Flash Fire,,60,28
38,Ninetales,Fire,,505,73,76,75,81,100,100,1,False,Flash Fire,,177,-1
39,Jigglypuff,Normal,Fairy,270,115,45,20,45,25,20,1,False,Cute Charm,,95,28
40,Wigglytuff,Normal,Fairy,435,140,70,45,85,50,45,1,False,Cute Charm,,218,-1
41,Zubat,Poison,Flying,245,40,45,35,30,40,55,1,False,Inner Focus,,49,22
42,Golbat,Poison,Flying,455,75,80,70,65,75,90,1,False,Inner Focus,,159,-1
43,Oddish,Grass,Poison,320,45,50,55,75,65,30,1,False,Chlorophyll,,64,21
44,Gloom,Grass,Poison,395,60,65,70,85,75,40,1,False,Chlorophyll,,138,36
45,Vileplume,Grass,Poison,490,75,80,85,110,90,50,1,False,Chlorophyll,,245,-1
46,Paras,Bug,Grass,285,35,70,55,45,55,25,1,False,Effect Spore,Dry Skin,57,24
47,Parasect,Bug,Grass,405,60,95,80,60,80,30,1,False,Effect Spore,Dry Skin,142,-1
48,Venonat,Bug,Poison,305,60,55,50,40,55,45,1,False,Compound Eyes,Tinted Lens,61,31
49,Venomoth,Bug,Poison,450,70,65,60,90,75,90,1,False,Shield Dust,Tinted Lens,158,-1
50,Diglett,Ground,,265,10,55,25,35,45,95,1,False,Sand Veil,Arena Trap,53,26
51,Dugtrio,Ground,,405,35,80,50,50,70,120,1,False,Sand Veil,Arena Trap,149,-1
52,Meowth,Normal,,290,40,45,35,40,40,90,1,False,Pickup,Technician,58,28
53,Persian,Normal,,440,65,70,60,65,65,115,1,False,Limber,Technician,154,-1
54,Psyduck,Water,,320,50,52,48,65,50,55,1,False,Damp,Cloud Nine,64,33
55,Golduck,Water,,500,80,82,78,95,80,85,1,False,Damp,Cloud Nine,175,-1
56,Mankey,Fighting,,305,40,80,35,35,45,70,1,False,Vital Spirit,Anger Point,61,28
57,Primeape,Fighting,,455,65,105,60,60,70,95,1,False,Vital Spirit,Anger Point,149,-1
58,Growlithe,Fire,,350,55,70,45,70,50,60,1,False,Intimidate,Flash Fire,70,36
59,Arcanine,Fire,,555,90,110,80,100,80,95,1,False,Intimidate,Flash Fire,194,-1
60,Poliwag,Water,,300,40,50,40,40,40,90,1,False,Water Absorb,Damp,60,25
61,Poliwhirl,Water,,385,65,65,65,50,50,90,1,False,Water Absorb,Damp,135,36
62,Poliwrath,Water,Fighting,510,90,95,95,70,90,70,1,False,Water Absorb,Damp,255,-1
63,Abra,Psychic,,310,25,20,15,105,55,90,1,False,Synchronize,Inner Focus,62,16
64,Kadabra,Psychic,,400,40,35,30,120,70,105,1,False,Synchronize,Inner Focus,140,36
65,Alakazam,Psychic,,500,55,50,45,135,95,120,1,False,Synchronize,Inner Focus,250,-1
66,Machop,Fighting,,305,70,80,50,35,35,35,1,False,Guts,No Guard,61,28
67,Machoke,Fighting,,405,80,100,70,50,60,45,1,False,Guts,No Guard,142,38
68,Machamp,Fighting,,505,90,130,80,65,85,55,1,False,Guts,No Guard,253,-1
69,Bellsprout,Grass,Poison,300,50,75,35,70,30,40,1,False,Chlorophyll,,60,21
70,Weepinbell,Grass,Poison,390,65,90,50,85,45,55,1,False,Chlorophyll,,137,36
71,Victreebel,Grass,Poison,490,80,105,65,100,70,70,1,False,Chlorophyll,,245,-1
72,Tentacool,Water,Poison,335,40,40,35,50,100,70,1,False,Clear Body,Liquid Ooze,67,30
73,Tentacruel,Water,Poison,515,80,70,65,80,120,100,1,False,Clear Body,Liquid Ooze,180,-1
74,Geodude,Rock,Ground,300,40,80,100,30,30,20,1,False,Rock Head,Sturdy,60,25
75,Graveler,Rock,Ground,390,55,95,115,45,45,35,1,False,Rock Head,Sturdy,137,36
76,Golem,Rock,Ground,495,80,120,130,55,65,45,1,False,Rock Head,Sturdy,248,-1
77,Ponyta,Fire,,410,50,85,55,65,65,90,1,False,Run Away,Flash Fire,82,40
78,Rapidash,Fire,,500,65,100,70,80,80,105,1,False,Run Away,Flash Fire,175,-1
79,Slowpoke,Water,Psychic,315,90,65,65,40,40,15,1,False,Oblivious,Own Tempo,63,37
80,Slowbro,Water,Psychic,490,95,75,110,100,80,30,1,False,Oblivious,Own Tempo,172,-1
81,Magnemite,Electric,Steel,325,25,35,70,95,55,45,1,False,Magnet Pull,Sturdy,65,30
82,Magneton,Electric,Steel,465,50,60,95,120,70,70,1,False,Magnet Pull,Sturdy,163,-1
83,Farfetch'd,Normal,Flying,352,52,65,55,58,62,60,1,False,Keen Eye,Inner Focus,132,-1
84,Doduo,Normal,Flying,310,35,85,45,35,35,75,1,False,Run Away,Early Bird,62,31
85,Dodrio,Normal,Flying,460,60,110,70,60,60,100,1,False,Run Away,Early Bird,165,-1
86,Seel,Water,,325,65,45,55,45,70,45,1,False,Thick Fat,Hydration,65,34
87,Dewgong,Water,Ice,475,90,70,80,70,95,70,1,False,Thick Fat,Hydration,166,-1
88,Grimer,Poison,,325,80,80,50,40,50,25,1,False,Stench,Sticky Hold,65,38
89,Muk,Poison,,500,105,105,75,65,100,50,1,False,Stench,Sticky Hold,175,-1
90,Shellder,Water,,305,30,65,100,45,25,40,1,False,Shell Armor,Skill Link,61,32
91,Cloyster,Water,Ice,525,50,95,180,85,45,70,1,False,Shell Armor,Skill Link,184,-1
92,Gastly,Ghost,Poison,310,30,35,30,100,35,80,1,False,Levitate,62,25
93,Haunter,Ghost,Poison,405,45,50,45,115,55,95,1,False,Levitate,142,38
94,Gengar,Ghost,Poison,500,60,65,60,130,75,110,1,False,Cursed Body,250,-1
95,Onix,Rock,Ground,385,35,45,160,30,45,70,1,False,Rock Head,Sturdy,77,-1
96,Drowzee,Psychic,,328,60,48,45,43,90,42,1,False,Insomnia,Forewarn,66,26
97,Hypno,Psychic,,483,85,73,70,73,115,67,1,False,Insomnia,Forewarn,169,-1
98,Krabby,Water,,325,30,105,90,25,25,50,1,False,Hyper Cutter,Shell Armor,65,28
99,Kingler,Water,,475,55,130,115,50,50,75,1,False,Hyper Cutter,Shell Armor,166,-1
100,Voltorb,Electric,,330,40,30,50,55,55,100,1,False,Soundproof,Static,66,30
101,Electrode,Electric,,480,60,50,70,80,80,140,1,False,Soundproof,Static,172,-1
102,Exeggcute,Grass,Psychic,325,60,40,80,60,45,40,1,False,Chlorophyll,65,24
103,Exeggutor,Grass,Psychic,520,95,95,85,125,65,55,1,False,Chlorophyll,186,-1
104,Cubone,Ground,,320,50,50,95,40,50,35,1,False,Rock Head,Lightning Rod,64,28
105,Marowak,Ground,,425,60,80,110,50,80,45,1,False,Rock Head,Lightning Rod,149,-1
106,Hitmonlee,Fighting,,455,50,120,53,35,110,87,1,False,Limber,Reckless,159,-1
107,Hitmonchan,Fighting,,455,50,105,79,35,110,76,1,False,Keen Eye,Iron Fist,159,-1
108,Lickitung,Normal,,385,90,55,75,60,75,30,1,False,Own Tempo,Oblivious,77,-1
109,Koffing,Poison,,340,40,65,95,60,45,35,1,False,Levitate,Neutralizing Gas,68,35
110,Weezing,Poison,,490,65,90,120,85,70,60,1,False,Levitate,Neutralizing Gas,172,-1
111,Rhyhorn,Ground,Rock,345,80,85,95,30,30,25,1,False,Lightning Rock,Rock Head,69,42
112,Rhydon,Ground,Rock,485,105,130,120,45,45,40,1,False,Lightning Rock,Rock Head,170,-1
113,Chansey,Normal,,450,250,5,5,35,105,50,1,False,Natural Cure,Serene Grace,395,-1
114,Tangela,Grass,,435,65,55,115,100,40,60,1,False,Chlorophyll,Leaf Guard,87,-1
115,Kangaskhan,Normal,,490,105,95,80,40,80,90,1,False,Early Bird,Scrappy,172,-1
116,Horsea,Water,,295,30,40,70,70,25,60,1,False,Swift Swim,Sniper,59,32
117,Seadra,Water,,440,55,65,95,95,45,85,1,False,Poison Point,Sniper,154,-1
118,Goldeen,Water,,320,45,67,60,35,50,63,1,False,Swift Swim,Water Veil,64,33
119,Seaking,Water,,450,80,92,65,65,80,68,1,False,Swift Swim,Water Veil,158,-1
120,Staryu,Water,,340,30,45,55,70,55,85,1,False,Illuminate,Natural Cure,68,32
121,Starmie,Water,Psychic,520,60,75,85,100,85,115,1,False,Illuminate,Natural Cure,182,-1
122,Mr. Mime,Psychic,Fairy,460,40,45,65,100,120,90,1,False,Soundproof,Filter,161,-1
123,Scyther,Bug,Flying,500,70,110,80,55,80,105,1,False,Swarm,Technician,100,-1
124,Jynx,Ice,Psychic,455,65,50,35,115,95,95,1,False,Oblivious,Forewarn,159,-1
125,Electabuzz,Electric,,490,65,83,57,95,85,105,1,False,Static,,172,-1
126,Magmar,Fire,,495,65,95,57,100,85,93,1,False,Flame Body,,173,-1
127,Pinsir,Bug,,500,65,125,100,55,70,85,1,False,Hyper Cutter,Mold Breaker,175,-1
128,Tauros,Normal,,490,75,100,95,40,70,110,1,False,Intimidate,Anger Point,172,-1
129,Magikarp,Water,,200,20,10,55,15,20,80,1,False,Swift Swim,,40,20
130,Gyarados,Water,Flying,540,95,125,79,60,100,81,1,False,Intimidate,,189,-1
131,Lapras,Water,Ice,535,130,85,80,85,95,60,1,False,Water Absorb,Shell Armor,187,-1
132,Ditto,Normal,,288,48,48,48,48,48,48,1,False,Limber,,101,-1
133,Eevee,Normal,,325,55,55,50,45,65,55,1,False,Run Away,Adaptability,65,20
134,Vaporeon,Water,,525,130,65,60,110,95,65,1,False,Water Absorb,,184,-1
135,Jolteon,Electric,,525,65,65,60,110,95,130,1,False,Volt Absorb,,184,-1
136,Flareon,Fire,,525,65,130,60,95,110,65,1,False,Flash Fire,,184,-1
137,Porygon,Normal,,395,65,60,70,85,75,40,1,False,Trace,Download,79,-1
138,Omanyte,Rock,Water,355,35,40,100,90,55,35,1,False,Swift Swim,Shell Armor,71,40
139,Omastar,Rock,Water,495,70,60,125,115,70,55,1,False,Swift Swim,Shell Armor,173,-1
140,Kabuto,Rock,Water,355,30,80,90,55,45,55,1,False,Swift Swim,Shell Armor,71,40
141,Kabutops,Rock,Water,495,60,115,105,65,70,80,1,False,Swift Swim,Shell Armor,173,-1
142,Aerodactyl,Rock,Flying,515,80,105,65,60,75,130,1,False,Rock Head,Pressure,180,-1
143,Snorlax,Normal,,540,160,110,65,65,110,30,1,False,Immunity,Thick Fat,189,-1
144,Articuno,Ice,Flying,580,90,85,100,95,125,85,1,True,Pressure,,290,-1
145,Zapdos,Electric,Flying,580,90,90,85,125,90,100,1,True,Pressure,,290,-1
146,Moltres,Fire,Flying,580,90,100,90,125,85,90,1,True,Pressure,,290,-1
147,Dratini,Dragon,,300,41,64,45,50,50,50,1,False,Shed Skin,,60,30
148,Dragonair,Dragon,,420,61,84,65,70,70,70,1,False,Shed Skin,,147,55
149,Dragonite,Dragon,Flying,600,91,134,95,100,100,80,1,False,Inner Focus,,300,-1
150,Mewtwo,Psychic,,680,106,110,90,154,90,130,1,True,Pressure,,340,-1
151,Mew,Psychic,,600,100,100,100,100,100,100,1,False,Synchronize,,300,-1
152,Chikorita,Grass,,318,45,49,65,49,65,45,2,False,Overgrow,
153,Bayleef,Grass,,405,60,62,80,63,80,60,2,False,Overgrow,
154,Meganium,Grass,,525,80,82,100,83,100,80,2,False,Overgrow,
155,Cyndaquil,Fire,,309,39,52,43,60,50,65,2,False,Blaze,
156,Quilava,Fire,,405,58,64,58,80,65,80,2,False,Blaze,
157,Typhlosion,Fire,,534,78,84,78,109,85,100,2,False,Blaze,
158,Totodile,Water,,314,50,65,64,44,48,43,2,False,Torrent,
159,Croconaw,Water,,405,65,80,80,59,63,58,2,False,Torrent,
160,Feraligatr,Water,,530,85,105,100,79,83,78,2,False,Torrent,
161,Sentret,Normal,,215,35,46,34,35,45,20,2,False,Run Away,Keen Eye
162,Furret,Normal,,415,85,76,64,45,55,90,2,False,Run Away,Keen Eye
163,Hoothoot,Normal,Flying,262,60,30,30,36,56,50,2,False,Insomnia,Keen Eye
164,Noctowl,Normal,Flying,442,100,50,50,76,96,70,2,False,Insomnia,Keen Eye
165,Ledyba,Bug,Flying,265,40,20,30,40,80,55,2,False,Swarm,Early Bird
166,Ledian,Bug,Flying,390,55,35,50,55,110,85,2,False,Swarm,Early Bird
167,Spinarak,Bug,Poison,250,40,60,40,40,40,30,2,False,Swarm,Insomnia
168,Ariados,Bug,Poison,390,70,90,70,60,60,40,2,False,Swarm,Insomnia
169,Crobat,Poison,Flying,535,85,90,80,70,80,130,2,False,Inner Focus,
170,Chinchou,Water,Electric,330,75,38,38,56,56,67,2,False,Volt Absorb,Illuminate
171,Lanturn,Water,Electric,460,125,58,58,76,76,67,2,False,Volt Absorb,Illuminate
172,Pichu,Electric,,205,20,40,15,35,35,60,2,False,Static,
173,Cleffa,Fairy,,218,50,25,28,45,55,15,2,False,Cute Charm,Magic Guard
174,Igglybuff,Normal,Fairy,210,90,30,15,40,20,15,2,False,Cute Charm,Competitive
175,Togepi,Fairy,,245,35,20,65,40,65,20,2,False,Hustle,Serene Grace
176,Togetic,Fairy,Flying,405,55,40,85,80,105,40,2,False,Hustle,Serene Grace
177,Natu,Psychic,Flying,320,40,50,45,70,45,70,2,False,Synchronize,Early Bird
178,Xatu,Psychic,Flying,470,65,75,70,95,70,95,2,False,Synchronize,Early Bird
179,Mareep,Electric,,280,55,40,40,65,45,35,2,False,Static,
180,Flaaffy,Electric,,365,70,55,55,80,60,45,2,False,Static,
181,Ampharos,Electric,,510,90,75,85,115,90,55,2,False,Static,
182,Bellossom,Grass,,490,75,80,95,90,100,50,2,False,Chlorophyll,
183,Marill,Water,Fairy,250,70,20,50,20,50,40,2,False,Thick Fat,Huge Power
184,Azumarill,Water,Fairy,420,100,50,80,60,80,50,2,False,Thick Fat,Huge Power
185,Sudowoodo,Rock,,410,70,100,115,30,65,30,2,False,Sturdy,Rock Head
186,Politoed,Water,,500,90,75,75,90,100,70,2,False,Water Absorb,Damp
187,Hoppip,Grass,Flying,250,35,35,40,35,55,50,2,False,Chlorophyll,Leaf Guard
188,Skiploom,Grass,Flying,340,55,45,50,45,65,80,2,False,Chlorophyll,Leaf Guard
189,Jumpluff,Grass,Flying,460,75,55,70,55,95,110,2,False,Chlorophyll,Leaf Guard
190,Aipom,Normal,,360,55,70,55,40,55,85,2,False,Run Away,Pickup
191,Sunkern,Grass,,180,30,30,30,30,30,30,2,False,Chlorophyll,Solar Power
192,Sunflora,Grass,,425,75,75,55,105,85,30,2,False,Chlorophyll,Solar Power
193,Yanma,Bug,Flying,390,65,65,45,75,45,95,2,False,Speed Boost,Compound Eyes
194,Wooper,Water,Ground,210,55,45,45,25,25,15,2,False,Damp,Water Absorb
195,Quagsire,Water,Ground,430,95,85,85,65,65,35,2,False,Damp,Water Absorb
196,Espeon,Psychic,,525,65,65,60,130,95,110,2,False,Synchronize,
197,Umbreon,Dark,,525,95,65,110,60,130,65,2,False,Synchronize,
198,Murkrow,Dark,Flying,405,60,85,42,85,42,91,2,False,Insomnia,Super Luck
199,Slowking,Water,Psychic,490,95,75,80,100,110,30,2,False,Oblivious,Own Tempo
200,Misdreavus,Ghost,,435,60,60,60,85,85,85,2,False,Levitate,
201,Unown,Psychic,,336,48,72,48,72,48,48,2,False,Levitate,
202,Wobbuffet,Psychic,,405,190,33,58,33,58,33,2,False,Shadow Tag,
203,Girafarig,Normal,Psychic,455,70,80,65,90,65,85,2,False,Inner Focus,Early Bird
204,Pineco,Bug,,290,50,65,90,35,35,15,2,False,Sturdy,
205,Forretress,Bug,Steel,465,75,90,140,60,60,40,2,False,Sturdy,
206,Dunsparce,Normal,,415,100,70,70,65,65,45,2,False,Serene Grace,Run Away
207,Gligar,Ground,Flying,430,65,75,105,35,65,85,2,False,Hyper Cutter,Sand Veil
208,Steelix,Steel,Ground,510,75,85,200,55,65,30,2,False,Rock Head,Sturdy
209,Snubbull,Fairy,,300,60,80,50,40,40,30,2,False,Intimidate,Run Away
210,Granbull,Fairy,,450,90,120,75,60,60,45,2,False,Intimidate,Quick Feet
211,Qwilfish,Water,Poison,430,65,95,75,55,55,85,2,False,Poison Point,Swift Swim
212,Scizor,Bug,Steel,500,70,130,100,55,80,65,2,False,Swarm,Technician
213,Shuckle,Bug,Rock,505,20,10,230,10,230,5,2,False,Sturdy,Gluttony
214,Heracross,Bug,Fighting,500,80,125,75,40,95,85,2,False,Swarm,Guts
215,Sneasel,Dark,Ice,430,55,95,55,35,75,115,2,False,Inner Focus,Keen Eye
216,Teddiursa,Normal,,330,60,80,50,50,50,40,2,False,Pickup,Quick Feet
217,Ursaring,Normal,,500,90,130,75,75,75,55,2,False,Guts,Quick Feet
218,Slugma,Fire,,250,40,40,40,70,40,20,2,False,Magma Armor,Flame Body
219,Magcargo,Fire,Rock,410,50,50,120,80,80,30,2,False,Magma Armor,Flame Body
220,Swinub,Ice,Ground,250,50,50,40,30,30,50,2,False,Oblivious,Snow Cloak
221,Piloswine,Ice,Ground,450,100,100,80,60,60,50,2,False,Oblivious,Snow Cloak
222,Corsola,Water,Rock,380,55,55,85,65,85,35,2,False,Hustle,Natural Cure
223,Remoraid,Water,,300,35,65,35,65,35,65,2,False,Weak Armor,
224,Octillery,Water,,480,75,105,75,105,75,45,2,False,Suction Cups,Sniper
225,Delibird,Ice,Flying,330,45,55,45,65,45,75,2,False,Vital Spirit,Hustle
226,Mantine,Water,Flying,465,65,40,70,80,140,70,2,False,Swift Swim,Water Absorb
227,Skarmory,Steel,Flying,465,65,80,140,40,70,70,2,False,Keen Eye,Sturdy
228,Houndour,Dark,Fire,330,45,60,30,80,50,65,2,False,Early Bird,Flash Fire
229,Houndoom,Dark,Fire,500,75,90,50,110,80,95,2,False,Early Bird,Flash Fire
230,Kingdra,Water,Dragon,540,75,95,95,95,95,85,2,False,Swift Swim,Sniper
231,Phanpy,Ground,,330,90,60,60,40,40,40,2,False,Pickup,
232,Donphan,Ground,,500,90,120,120,60,60,50,2,False,Sturdy,
233,Porygon2,Normal,,515,85,80,90,105,95,60,2,False,Trace,Download
234,Stantler,Normal,,465,73,95,62,85,65,85,2,False,Intimidate,Frisk
235,Smeargle,Normal,,250,55,20,35,20,45,75,2,False,Own Tempo,Technician
236,Tyrogue,Fighting,,210,35,35,35,35,35,35,2,False,Guts,Steadfast
237,Hitmontop,Fighting,,455,50,95,95,35,110,70,2,False,Intimidate,Technician
238,Smoochum,Ice,Psychic,305,45,30,15,85,65,65,2,False,Oblivious,Forewarn
239,Elekid,Electric,,360,45,63,37,65,55,95,2,False,Static,
240,Magby,Fire,,365,45,75,37,70,55,83,2,False,Flame Body,
241,Miltank,Normal,,490,95,80,105,40,70,100,2,False,Thick Fat,Scrappy
242,Blissey,Normal,,540,255,10,10,75,135,55,2,False,Natural Cure,Serene Grace
243,Raikou,Electric,,580,90,85,75,115,100,115,2,True,Pressure,
244,Entei,Fire,,580,115,115,85,90,75,100,2,True,Pressure,
245,Suicune,Water,,580,100,75,115,90,115,85,2,True,Pressure,
246,Larvitar,Rock,Ground,300,50,64,50,45,50,41,2,False,Guts,
247,Pupitar,Rock,Ground,410,70,84,70,65,70,51,2,False,Shed Skin,
248,Tyranitar,Rock,Dark,600,100,134,110,95,100,61,2,False,Sand Stream,
249,Lugia,Psychic,Flying,680,106,90,130,90,154,110,2,True,Pressure,
250,Ho-oh,Fire,Flying,680,106,130,90,110,154,90,2,True,Pressure,
251,Celebi,Psychic,Grass,600,100,100,100,100,100,100,2,False,Natural Cure,
252,Treecko,Grass,,310,40,45,35,65,55,70,3,False,Overgrow,
253,Grovyle,Grass,,405,50,65,45,85,65,95,3,False,Overgrow,
254,Sceptile,Grass,,530,70,85,65,105,85,120,3,False,Overgrow,
255,Torchic,Fire,,310,45,60,40,70,50,45,3,False,Blaze,
256,Combusken,Fire,Fighting,405,60,85,60,85,60,55,3,False,Blaze,
257,Blaziken,Fire,Fighting,530,80,120,70,110,70,80,3,False,Blaze,
258,Mudkip,Water,,310,50,70,50,50,50,40,3,False,Torrent,
259,Marshtomp,Water,Ground,405,70,85,70,60,70,50,3,False,Torrent,
260,Swampert,Water,Ground,535,100,110,90,85,90,60,3,False,Torrent,
261,Poochyena,Dark,,220,35,55,35,30,30,35,3,False,Run Away,Quick Feet
262,Mightyena,Dark,,420,70,90,70,60,60,70,3,False,Intimidate,Quick Feet
263,Zigzagoon,Normal,,240,38,30,41,30,41,60,3,False,Pickup,Gluttony
264,Linoone,Normal,,420,78,70,61,50,61,100,3,False,Pickup,Gluttony
265,Wurmple,Bug,,195,45,45,35,20,30,20,3,False,Shield Dust,
266,Silcoon,Bug,,205,50,35,55,25,25,15,3,False,Shed Skin,
267,Beautifly,Bug,Flying,395,60,70,50,100,50,65,3,False,Swarm,
268,Cascoon,Bug,,205,50,35,55,25,25,15,3,False,Shed Skin,
269,Dustox,Bug,Poison,385,60,50,70,50,90,65,3,False,Shield Dust,
270,Lotad,Water,Grass,220,40,30,30,40,50,30,3,False,Swift Swim,Rain Dish
271,Lombre,Water,Grass,340,60,50,50,60,70,50,3,False,Swift Swim,Rain Dish
272,Ludicolo,Water,Grass,480,80,70,70,90,100,70,3,False,Swift Swim,Rain Dish
273,Seedot,Grass,,220,40,40,50,30,30,30,3,False,Chlorophyll,Early Bird
274,Nuzleaf,Grass,Dark,340,70,70,40,60,40,60,3,False,Chlorophyll,Early Bird
275,Shiftry,Grass,Dark,480,90,100,60,90,60,80,3,False,Chlorophyll,Early Bird
276,Taillow,Normal,Flying,270,40,55,30,30,30,85,3,False,Guts,
277,Swellow,Normal,Flying,430,60,85,60,50,50,125,3,False,Guts,
278,Wingull,Water,Flying,270,40,30,30,55,30,85,3,False,Keen Eye,Hydration
279,Pelipper,Water,Flying,430,60,50,100,85,70,65,3,False,Keen Eye,Drizzle
280,Ralts,Psychic,Fairy,198,28,25,25,45,35,40,3,False,Synchronize,Trace
281,Kirlia,Psychic,Fairy,278,38,35,35,65,55,50,3,False,Synchronize,Trace
282,Gardevoir,Psychic,Fairy,518,68,65,65,125,115,80,3,False,Synchronize,Trace
283,Surskit,Bug,Water,269,40,30,32,50,52,65,3,False,Swift Swim,
284,Masquerain,Bug,Flying,414,70,60,62,80,82,60,3,False,Intimidate,
285,Shroomish,Grass,,295,60,40,60,40,60,35,3,False,Effect Spore,Poison Heal
286,Breloom,Grass,Fighting,460,60,130,80,60,60,70,3,False,Effect Spore,Poison Heal
287,Slakoth,Normal,,280,60,60,60,35,35,30,3,False,Truant,
288,Vigoroth,Normal,,440,80,80,80,55,55,90,3,False,Vital Spirit,
289,Slaking,Normal,,670,150,160,100,95,65,100,3,False,Truant,
290,Nincada,Bug,Ground,266,31,45,90,30,30,40,3,False,Compound Eyes,
291,Ninjask,Bug,Flying,456,61,90,45,50,50,160,3,False,Speed Boost,
292,Shedinja,Bug,Ghost,236,1,90,45,30,30,40,3,False,Wonder Guard,
293,Whismur,Normal,,240,64,51,23,51,23,28,3,False,Soundproof,
294,Loudred,Normal,,360,84,71,43,71,43,48,3,False,Soundproof,
295,Exploud,Normal,,490,104,91,63,91,73,68,3,False,Soundproof,
296,Makuhita,Fighting,,237,72,60,30,20,30,25,3,False,Thick Fat,Guts
297,Hariyama,Fighting,,474,144,120,60,40,60,50,3,False,Thick Fat,Guts
298,Azurill,Normal,Fairy,190,50,20,40,20,40,20,3,False,Thick Fat,Huge Power
299,Nosepass,Rock,,375,30,45,135,45,90,30,3,False,Sturdy,Magnet Pull
300,Skitty,Normal,,260,50,45,45,35,35,50,3,False,Cute Charm,Normalize
301,Delcatty,Normal,,380,70,65,65,55,55,70,3,False,Cute Charm,Normalize
302,Sableye,Dark,Ghost,380,50,75,75,65,65,50,3,False,Keen Eye,Stall
303,Mawile,Steel,Fairy,380,50,85,85,55,55,50,3,False,Hyper Cutter,Intimidate
304,Aron,Steel,Rock,330,50,70,100,40,40,30,3,False,Sturdy,Rock Head
305,Lairon,Steel,Rock,430,60,90,140,50,50,40,3,False,Sturdy,Rock Head
306,Aggron,Steel,Rock,530,70,110,180,60,60,50,3,False,Sturdy,Rock Head
307,Meditite,Fighting,Psychic,280,30,40,55,40,55,60,3,False,Pure Power,
308,Medicham,Fighting,Psychic,410,60,60,75,60,75,80,3,False,Pure Power,
309,Electrike,Electric,,295,40,45,40,65,40,65,3,False,Static,Lightning Rod
310,Manectric,Electric,,475,70,75,60,105,60,105,3,False,Static,Lightning Rod
311,Plusle,Electric,,405,60,50,40,85,75,95,3,False,Plus,
312,Minun,Electric,,405,60,40,50,75,85,95,3,False,Minus,
313,Volbeat,Bug,,400,65,73,55,47,75,85,3,False,Illuminate,Swarm
314,Illumise,Bug,,400,65,47,55,73,75,85,3,False,Oblivious,Tinted Lens
315,Roselia,Grass,Poison,400,50,60,45,100,80,65,3,False,Natural Cure,Poison Plant
316,Gulpin,Poison,,302,70,43,53,43,53,40,3,False,Liquid Ooze,Sticky Hold
317,Swalot,Poison,,467,100,73,83,73,83,55,3,False,Liquid Ooze,Sticky Hold
318,Carvanha,Water,Dark,305,45,90,20,65,20,65,3,False,Rough Skin,
319,Sharpedo,Water,Dark,460,70,120,40,95,40,95,3,False,Rough Skin,
320,Wailmer,Water,,400,130,70,35,70,35,60,3,False,Water Veil,Oblivious
321,Wailord,Water,,500,170,90,45,90,45,60,3,False,Water Veil,Oblivious
322,Numel,Fire,Ground,305,60,60,40,65,45,35,3,False,Oblivious,Simple
323,Camerupt,Fire,Ground,460,70,100,70,105,75,40,3,False,Magma Armor,Solid Rock
324,Torkoal,Fire,,470,70,85,140,85,70,20,3,False,White Smoke,Drought
325,Spoink,Psychic,,330,60,25,35,70,80,60,3,False,Thick Fat,Own Tempo
326,Grumpig,Psychic,,470,80,45,65,90,110,80,3,False,Thick Fat,Own Tempo
327,Spinda,Normal,,360,60,60,60,60,60,60,3,False,Own Tempo,Tangled Feet
328,Trapinch,Ground,,290,45,100,45,45,45,10,3,False,Hyper Cutter,Arena Trap
329,Vibrava,Ground,Dragon,340,50,70,50,50,50,70,3,False,Levitate,
330,Flygon,Ground,Dragon,520,80,100,80,80,80,100,3,False,Levitate,
331,Cacnea,Grass,,335,50,85,40,85,40,35,3,False,Sand Veil,
332,Cacturne,Grass,Dark,475,70,115,60,115,60,55,3,False,Sand Veil,
333,Swablu,Normal,Flying,310,45,40,60,40,75,50,3,False,Natural Cure,
334,Altaria,Dragon,Flying,490,75,70,90,70,105,80,3,False,Natural Cure,
335,Zangoose,Normal,,458,73,115,60,60,60,90,3,False,Immunity,
336,Seviper,Poison,,458,73,100,60,100,60,65,3,False,Shed Skin,
337,Lunatone,Rock,Psychic,440,70,55,65,95,85,70,3,False,Levitate,
338,Solrock,Rock,Psychic,440,70,95,85,55,65,70,3,False,Levitate
339,Barboach,Water,Ground,288,50,48,43,46,41,60,3,False,Oblivious,Anticipation
340,Whiscash,Water,Ground,468,110,78,73,76,71,60,3,False,Oblivious,Anticipation
341,Corphish,Water,,308,43,80,65,50,35,35,3,False,Hyper Cutter,Shell Armor
342,Crawdaunt,Water,Dark,468,63,120,85,90,55,55,3,False,Hyper Cutter,Shell Armor
343,Baltoy,Ground,Psychic,300,40,40,55,40,70,55,3,False,Levitate,
344,Claydol,Ground,Psychic,500,60,70,105,70,120,75,3,False,Levitate,
345,Lileep,Rock,Grass,355,66,41,77,61,87,23,3,False,Suction Cups,
346,Cradily,Rock,Grass,495,86,81,97,81,107,43,3,False,Suction Cups,
347,Anorith,Rock,Bug,355,45,95,50,40,50,75,3,False,Battle Armor,
348,Armaldo,Rock,Bug,495,75,125,100,70,80,45,3,False,Battle Armor,
349,Feebas,Water,,200,20,15,20,10,55,80,3,False,Swift Swim,Oblivious
350,Milotic,Water,,540,95,60,79,100,125,81,3,False,Marvel Scale,Competitive
351,Castform,Normal,,420,70,70,70,70,70,70,3,False,Forecast,
352,Kecleon,Normal,,440,60,90,70,60,120,40,3,False,Color Change,
353,Shuppet,Ghost,,295,44,75,35,63,33,45,3,False,Insomnia,Frisk
354,Banette,Ghost,,455,64,115,65,83,63,65,3,False,Insomnia,Frisk
355,Duskull,Ghost,,295,20,40,90,30,90,25,3,False,Levitate,
356,Dusclops,Ghost,,455,40,70,130,60,130,25,3,False,Pressure,
357,Tropius,Grass,Flying,460,99,68,83,72,87,51,3,False,Chlorophyll,Solar Power
358,Chimecho,Psychic,,425,65,50,70,95,80,65,3,False,Levitate,
359,Absol,Dark,,465,65,130,60,75,60,75,3,False,Pressure,Super Luck
360,Wynaut,Psychic,,260,95,23,48,23,48,23,3,False,Shadow Tag,
361,Snorunt,Ice,,300,50,50,50,50,50,50,3,False,Inner Focus,Ice Body
362,Glalie,Ice,,480,80,80,80,80,80,80,3,False,Inner Focus,Ice Body
363,Spheal,Ice,Water,290,70,40,50,55,50,25,3,False,Thick Fat,Ice Body
364,Sealeo,Ice,Water,410,90,60,70,75,70,45,3,False,Thick Fat,Ice Body
365,Walrein,Ice,Water,530,110,80,90,95,90,65,3,False,Thick Fat,Ice Body
366,Clamperl,Water,,345,35,64,85,74,55,32,3,False,Shell Armor,
367,Huntail,Water,,485,55,104,105,94,75,52,3,False,Swift Swim,
368,Gorebyss,Water,,485,55,84,105,114,75,52,3,False,Swift Swim,
369,Relicanth,Water,Rock,485,100,90,130,45,65,55,3,False,Swift Swim,Rock Head
370,Luvdisc,Water,,330,43,30,55,40,65,97,3,False,Swift Swim,
371,Bagon,Dragon,,300,45,75,60,40,30,50,3,False,Rock Head,
372,Shelgon,Dragon,,420,65,95,100,60,50,50,3,False,Rock Head,
373,Salamence,Dragon,Flying,600,95,135,80,110,80,100,3,False,Intimidate,
374,Beldum,Steel,Psychic,300,40,55,80,35,60,30,3,False,Clear Body,
375,Metang,Steel,Psychic,420,60,75,100,55,80,50,3,False,Clear Body,
376,Metagross,Steel,Psychic,600,80,135,130,95,90,70,3,False,Clear Body,
377,Regirock,Rock,,580,80,100,200,50,100,50,3,True,Clear Body,
378,Regice,Ice,,580,80,50,100,100,200,50,3,True,Clear Body,
379,Registeel,Steel,,580,80,75,150,75,150,50,3,True,Clear Body,
380,Latias,Dragon,Psychic,600,80,80,90,110,130,110,3,True,Levitate,
381,Latios,Dragon,Psychic,600,80,90,80,130,110,110,3,True,Levitate,
382,Kyogre,Water,,670,100,100,90,150,140,90,3,True,Drizzle,
382,KyogrePrimal Kyogre,Water,,770,100,150,90,180,160,90,3,True,Primordial Sea,
383,Groudon,Ground,,670,100,150,140,100,90,90,3,True,Drought
383,GroudonPrimal Groudon,Ground,Fire,770,100,180,160,150,90,90,3,True,Desolate Land
384,Rayquaza,Dragon,Flying,680,105,150,90,150,90,95,3,True,Air Lock,
385,Jirachi,Steel,Psychic,600,100,100,100,100,100,100,3,True,Serene Grace,
386,DeoxysNormal Forme,Psychic,,600,50,150,50,150,50,150,3,True,Pressure,
386,DeoxysAttack Forme,Psychic,,600,50,180,20,180,20,150,3,True,Pressure,
386,DeoxysDefense Forme,Psychic,,600,50,70,160,70,160,90,3,True,Pressure,
386,DeoxysSpeed Forme,Psychic,,600,50,95,90,95,90,180,3,True,Pressure,
387,Turtwig,Grass,,318,55,68,64,45,55,31,4,False,Overgrow,
388,Grotle,Grass,,405,75,89,85,55,65,36,4,False,Overgrow,
389,Torterra,Grass,Ground,525,95,109,105,75,85,56,4,False,Overgrow,
390,Chimchar,Fire,,309,44,58,44,58,44,61,4,False,Blaze,
391,Monferno,Fire,Fighting,405,64,78,52,78,52,81,4,False,Blaze,
392,Infernape,Fire,Fighting,534,76,104,71,104,71,108,4,False,Blaze,
393,Piplup,Water,,314,53,51,53,61,56,40,4,False,Torrent,
394,Prinplup,Water,,405,64,66,68,81,76,50,4,False,Torrent,
395,Empoleon,Water,Steel,530,84,86,88,111,101,60,4,False,Torrent,
396,Starly,Normal,Flying,245,40,55,30,30,30,60,4,False,Keen Eye,
397,Staravia,Normal,Flying,340,55,75,50,40,40,80,4,False,Intimidate,
398,Staraptor,Normal,Flying,485,85,120,70,50,60,100,4,False,Intimidate,
399,Bidoof,Normal,,250,59,45,40,35,40,31,4,False,Simple,Unaware
400,Bibarel,Normal,Water,410,79,85,60,55,60,71,4,False,Simple,Unaware
401,Kricketot,Bug,,194,37,25,41,25,41,25,4,False,Shed Skin,
402,Kricketune,Bug,,384,77,85,51,55,51,65,4,False,Swarm,
403,Shinx,Electric,,263,45,65,34,40,34,45,4,False,Rivalry,Intimidate,
404,Luxio,Electric,,363,60,85,49,60,49,60,4,False,Rivalry,Intimidate,
405,Luxray,Electric,,523,80,120,79,95,79,70,4,False,Rivalry,Intimidate,
406,Budew,Grass,Poison,280,40,30,35,50,70,55,4,False,Natural Cure,Poison Point
407,Roserade,Grass,Poison,515,60,70,65,125,105,90,4,False,Natural Cure,Poison Point
408,Cranidos,Rock,,350,67,125,40,30,30,58,4,False,Mold Breaker,
409,Rampardos,Rock,,495,97,165,60,65,50,58,4,False,Mold Breaker,
410,Shieldon,Rock,Steel,350,30,42,118,42,88,30,4,False,Sturdy,
411,Bastiodon,Rock,Steel,495,60,52,168,47,138,30,4,False,Sturdy,
412,Burmy,Bug,,224,40,29,45,29,45,36,4,False,Shed Skin,
413,WormadamPlant Cloak,Bug,Grass,424,60,59,85,79,105,36,4,False,Anticipation
413,WormadamSandy Cloak,Bug,Ground,424,60,79,105,59,85,36,4,False,Anticipation
413,WormadamTrash Cloak,Bug,Steel,424,60,69,95,69,95,36,4,False,Anticipation
414,Mothim,Bug,Flying,424,70,94,50,94,50,66,4,False,Swarm,
415,Combee,Bug,Flying,244,30,30,42,30,42,70,4,False,Honey Gather,
416,Vespiquen,Bug,Flying,474,70,80,102,80,102,40,4,False,Pressure,
417,Pachirisu,Electric,,405,60,45,70,45,90,95,4,False,Run Away,Pickup
418,Buizel,Water,,330,55,65,35,60,30,85,4,False,Swift Swim,
419,Floatzel,Water,,495,85,105,55,85,50,115,4,False,Swift Swim,
420,Cherubi,Grass,,275,45,35,45,62,53,35,4,False,Chlorophyll,
421,Cherrim,Grass,,450,70,60,70,87,78,85,4,False,Flower Gift,
422,Shellos,Water,,325,76,48,48,57,62,34,4,False,Sticky Hold,Storm Drain
423,Gastrodon,Water,Ground,475,111,83,68,92,82,39,4,False,Sticky Hold,Storm Drain
424,Ambipom,Normal,,482,75,100,66,60,66,115,4,False,Technician,Pickup
425,Drifloon,Ghost,Flying,348,90,50,34,60,44,70,4,False,Aftermath,Unburden
426,Drifblim,Ghost,Flying,498,150,80,44,90,54,80,4,False,Aftermath,Unburden
427,Buneary,Normal,,350,55,66,44,44,56,85,4,False,Run Away,Klutz
428,Lopunny,Normal,,480,65,76,84,54,96,105,4,False,Cute Charm,Klutz
429,Mismagius,Ghost,,495,60,60,60,105,105,105,4,False,Levitate,
430,Honchkrow,Dark,Flying,505,100,125,52,105,52,71,4,False,Insomnia,Super Luck
431,Glameow,Normal,,310,49,55,42,42,37,85,4,False,Limber,Own Tempo
432,Purugly,Normal,,452,71,82,64,64,59,112,4,False,Thick Fat,Own Tempo
433,Chingling,Psychic,,285,45,30,50,65,50,45,4,False,Levitate,
434,Stunky,Poison,Dark,329,63,63,47,41,41,74,4,False,Stench,Aftermath
435,Skuntank,Poison,Dark,479,103,93,67,71,61,84,4,False,Stench,Aftermath
436,Bronzor,Steel,Psychic,300,57,24,86,24,86,23,4,False,Levitate,Heatproof
437,Bronzong,Steel,Psychic,500,67,89,116,79,116,33,4,False,Levitate,Heatproof
438,Bonsly,Rock,,290,50,80,95,10,45,10,4,False,Sturdy,Rock Head
439,Mime Jr.,Psychic,Fairy,310,20,25,45,70,90,60,4,False,Soundproof,Filter
440,Happiny,Normal,,220,100,5,5,15,65,30,4,False,Natural Cure,Serene Grace
441,Chatot,Normal,Flying,411,76,65,45,92,42,91,4,False,Keen Eye,Tangled Feet
442,Spiritomb,Ghost,Dark,485,50,92,108,92,108,35,4,False,Pressure,
443,Gible,Dragon,Ground,300,58,70,45,40,45,42,4,False,Sand Veil,
444,Gabite,Dragon,Ground,410,68,90,65,50,55,82,4,False,Sand Veil,
445,Garchomp,Dragon,Ground,600,108,130,95,80,85,102,4,False,Sand Veil,
446,Munchlax,Normal,,390,135,85,40,40,85,5,4,False,Pickup,Thick Fat
447,Riolu,Fighting,,285,40,70,40,35,40,60,4,False,Steadfast,Inner Focus
448,Lucario,Fighting,Steel,525,70,110,70,115,70,90,4,False,Steadfast,Inner Focus
449,Hippopotas,Ground,,330,68,72,78,38,42,32,4,False,Sand Stream,
450,Hippowdon,Ground,,525,108,112,118,68,72,47,4,False,Sand Stream,
451,Skorupi,Poison,Bug,330,40,50,90,30,55,65,4,False,Battle Armor,Sniper
452,Drapion,Poison,Dark,500,70,90,110,60,75,95,4,False,Battle Armor,Sniper
453,Croagunk,Poison,Fighting,300,48,61,40,61,40,50,4,False,Anticipation,Dry Skin
454,Toxicroak,Poison,Fighting,490,83,106,65,86,65,85,4,False,Anticipation,Dry Skin
455,Carnivine,Grass,,454,74,100,72,90,72,46,4,False,Levitate,
456,Finneon,Water,,330,49,49,56,49,61,66,4,False,Swift Swim,Storm Drain
457,Lumineon,Water,,460,69,69,76,69,86,91,4,False,Swift Swim,Storm Drain
458,Mantyke,Water,Flying,345,45,20,50,60,120,50,4,False,Swift Swim,Water Absorb
459,Snover,Grass,Ice,334,60,62,50,62,60,40,4,False,Snow Warning,
460,Abomasnow,Grass,Ice,494,90,92,75,92,85,60,4,False,Snow Warning,
461,Weavile,Dark,Ice,510,70,120,65,45,85,125,4,False,Pressure,
462,Magnezone,Electric,Steel,535,70,70,115,130,90,60,4,False,Magnet Pull,Sturdy
463,Lickilicky,Normal,,515,110,85,95,80,95,50,4,False,Own Tempo,Oblivious
464,Rhyperior,Ground,Rock,535,115,140,130,55,55,40,4,False,Lightning Rod,Solid Rock
465,Tangrowth,Grass,,535,100,100,125,110,50,50,4,False,Chlorophyll,Leaf Guard
466,Electivire,Electric,,540,75,123,67,95,85,95,4,False,Motor Drive,
467,Magmortar,Fire,,540,75,95,67,125,95,83,4,False,Flame Body,
468,Togekiss,Fairy,Flying,545,85,50,95,120,115,80,4,False,Hustle,Serene Grace
469,Yanmega,Bug,Flying,515,86,76,86,116,56,95,4,False,Speed Boost,Tinted Lens
470,Leafeon,Grass,,525,65,110,130,60,65,95,4,False,Leaf Guard,
471,Glaceon,Ice,,525,65,60,110,130,95,65,4,False,Snow Cloak,
472,Gliscor,Ground,Flying,510,75,95,125,45,75,95,4,False,Hyper Cutter,Sand Veil
473,Mamoswine,Ice,Ground,530,110,130,80,70,60,80,4,False,Oblivious,Snow Cloak
474,Porygon-Z,Normal,,535,85,80,70,135,75,90,4,False,Adaptability,Download
475,Gallade,Psychic,Fighting,518,68,125,65,65,115,80,4,False,Steadfast,
476,Probopass,Rock,Steel,525,60,55,145,75,150,40,4,False,Sturdy,Magnet Pull
477,Dusknoir,Ghost,,525,45,100,135,65,135,45,4,False,Pressure,
478,Froslass,Ice,Ghost,480,70,80,70,80,70,110,4,False,Snow Cloak,
479,Rotom,Electric,Ghost,440,50,50,77,95,77,91,4,False,Levitate,
479,RotomHeat Rotom,Electric,Fire,520,50,65,107,105,107,86,4,False,Levitate,
479,RotomWash Rotom,Electric,Water,520,50,65,107,105,107,86,4,False,Levitate,
479,RotomFrost Rotom,Electric,Ice,520,50,65,107,105,107,86,4,False,Levitate,
479,RotomFan Rotom,Electric,Flying,520,50,65,107,105,107,86,4,False,Levitate,
479,RotomMow Rotom,Electric,Grass,520,50,65,107,105,107,86,4,False,Levitate,
480,Uxie,Psychic,,580,75,75,130,75,130,95,4,True,Levitate,
481,Mesprit,Psychic,,580,80,105,105,105,105,80,4,True,Levitate,
482,Azelf,Psychic,,580,75,125,70,125,70,115,4,True,Levitate,
483,Dialga,Steel,Dragon,680,100,120,120,150,100,90,4,True,Pressure,
484,Palkia,Water,Dragon,680,90,120,100,150,120,100,4,True,Pressure,
485,Heatran,Fire,Steel,600,91,90,106,130,106,77,4,True,Flash Fire,
486,Regigigas,Normal,,670,110,160,110,80,110,100,4,True,Slow Start,
487,GiratinaAltered Forme,Ghost,Dragon,680,150,100,120,100,120,90,4,True,Pressure,
487,GiratinaOrigin Forme,Ghost,Dragon,680,150,120,100,120,100,90,4,True,Levitate,
488,Cresselia,Psychic,,600,120,70,120,75,130,85,4,False,Levitate,
489,Phione,Water,,480,80,80,80,80,80,80,4,False,Hydration,
490,Manaphy,Water,,600,100,100,100,100,100,100,4,False,Hydration,
491,Darkrai,Dark,,600,70,90,90,135,90,125,4,True,Bad Dreams,
492,ShayminLand Forme,Grass,,600,100,100,100,100,100,100,4,True,Natural Cure,
492,ShayminSky Forme,Grass,Flying,600,100,103,75,120,75,127,4,True,Serene Grace,
493,Arceus,Normal,,720,120,120,120,120,120,120,4,True,Multitype,
494,Victini,Psychic,Fire,600,100,100,100,100,100,100,5,True,Victory Star,
495,Snivy,Grass,,308,45,45,55,45,55,63,5,False,Overgrow,
496,Servine,Grass,,413,60,60,75,60,75,83,5,False,Overgrow,
497,Serperior,Grass,,528,75,75,95,75,95,113,5,False,Overgrow,
498,Tepig,Fire,,308,65,63,45,45,45,45,5,False,Blaze,
499,Pignite,Fire,Fighting,418,90,93,55,70,55,55,5,False,Blaze,
500,Emboar,Fire,Fighting,528,110,123,65,100,65,65,5,False,Blaze,
501,Oshawott,Water,,308,55,55,45,63,45,45,5,False,Torrent,
502,Dewott,Water,,413,75,75,60,83,60,60,5,False,Torrent,
503,Samurott,Water,,528,95,100,85,108,70,70,5,False,Torrent,
504,Patrat,Normal,,255,45,55,39,35,39,42,5,False,Run Away,Keen Eye
505,Watchog,Normal,,420,60,85,69,60,69,77,5,False,Illuminate,Keen Eye
506,Lillipup,Normal,,275,45,60,45,25,45,55,5,False,Vital Spirit,Pickup
507,Herdier,Normal,,370,65,80,65,35,65,60,5,False,Intimidate,Sand Rush
508,Stoutland,Normal,,500,85,110,90,45,90,80,5,False,Intimidate,Sand Rush
509,Purrloin,Dark,,281,41,50,37,50,37,66,5,False,Limber,Unburden
510,Liepard,Dark,,446,64,88,50,88,50,106,5,False,Limber,Unburden
511,Pansage,Grass,,316,50,53,48,53,48,64,5,False,Gluttony,
512,Simisage,Grass,,498,75,98,63,98,63,101,5,False,Gluttony,
513,Pansear,Fire,,316,50,53,48,53,48,64,5,False,Gluttony,
514,Simisear,Fire,,498,75,98,63,98,63,101,5,False,Gluttony,
515,Panpour,Water,,316,50,53,48,53,48,64,5,False,Gluttony,
516,Simipour,Water,,498,75,98,63,98,63,101,5,False,Gluttony,
517,Munna,Psychic,,292,76,25,45,67,55,24,5,False,Forewarn,Synchronize
518,Musharna,Psychic,,487,116,55,85,107,95,29,5,False,Forewarn,Synchronize
519,Pidove,Normal,Flying,264,50,55,50,36,30,43,5,False,Big Pecks,Super Luck
520,Tranquill,Normal,Flying,358,62,77,62,50,42,65,5,False,Big Pecks,Super Luck
521,Unfezant,Normal,Flying,488,80,115,80,65,55,93,5,False,Big Pecks,Super Luck
522,Blitzle,Electric,,295,45,60,32,50,32,76,5,False,Lightning Rod,Motor Drive
523,Zebstrika,Electric,,497,75,100,63,80,63,116,5,False,Lightning Rod,Motor Drive
524,Roggenrola,Rock,,280,55,75,85,25,25,15,5,False,Sturdy,Weak Armor
525,Boldore,Rock,,390,70,105,105,50,40,20,5,False,Sturdy,Weak Armor
526,Gigalith,Rock,,515,85,135,130,60,80,25,5,False,Sturdy,Sand Stream
527,Woobat,Psychic,Flying,313,55,45,43,55,43,72,5,False,Unaware,Klutz
528,Swoobat,Psychic,Flying,425,67,57,55,77,55,114,5,False,Unaware,Klutz
529,Drilbur,Ground,,328,60,85,40,30,45,68,5,False,Sand Rush,Sand Force
530,Excadrill,Ground,Steel,508,110,135,60,50,65,88,5,False,Sand Rush,Sand Force
531,Audino,Normal,,445,103,60,86,60,86,50,5,False,Healer,Regenerator
532,Timburr,Fighting,,305,75,80,55,25,35,35,5,False,Guts,Sheer Force
533,Gurdurr,Fighting,,405,85,105,85,40,50,40,5,False,Guts,Sheer Force
534,Conkeldurr,Fighting,,505,105,140,95,55,65,45,5,False,Guts,Sheer Force
535,Tympole,Water,,294,50,50,40,50,40,64,5,False,Swift Swim,Hydration
536,Palpitoad,Water,Ground,384,75,65,55,65,55,69,5,False,Swift Swim,Hydration
537,Seismitoad,Water,Ground,509,105,95,75,85,75,74,5,False,Swift Swim,Poison Touch
538,Throh,Fighting,,465,120,100,85,30,85,45,5,False,Guts,Inner Focus
539,Sawk,Fighting,,465,75,125,75,30,75,85,5,False,Sturdy,Inner Focus
540,Sewaddle,Bug,Grass,310,45,53,70,40,60,42,5,False,Swarm,Chlorophyll
541,Swadloon,Bug,Grass,380,55,63,90,50,80,42,5,False,Leaf Guard,Chlorophyll
542,Leavanny,Bug,Grass,500,75,103,80,70,80,92,5,False,Swarm,Chlorophyll
543,Venipede,Bug,Poison,260,30,45,59,30,39,57,5,False,Poison Point,Swarm
544,Whirlipede,Bug,Poison,360,40,55,99,40,79,47,5,False,Poison Point,Swarm
545,Scolipede,Bug,Poison,485,60,100,89,55,69,112,5,False,Poison Point,Swarm
546,Cottonee,Grass,Fairy,280,40,27,60,37,50,66,5,False,Prankster,Infiltrator
547,Whimsicott,Grass,Fairy,480,60,67,85,77,75,116,5,False,Prankster,Infiltrator
548,Petilil,Grass,,280,45,35,50,70,50,30,5,False,Chlorophyll,Own Tempo
549,Lilligant,Grass,,480,70,60,75,110,75,90,5,False,Chlorophyll,Own Tempo
550,Basculin,Water,,460,70,92,65,80,55,98,5,False,Reckless,Adaptability
551,Sandile,Ground,Dark,292,50,72,35,35,35,65,5,False,Intimidate,Moxie
552,Krokorok,Ground,Dark,351,60,82,45,45,45,74,5,False,Intimidate,Moxie
553,Krookodile,Ground,Dark,519,95,117,80,65,70,92,5,False,Intimidate,Moxie
554,Darumaka,Fire,,315,70,90,45,15,45,50,5,False,Hustle,
555,DarmanitanStandard Mode,Fire,,480,105,140,55,30,55,95,5,False,Sheer Force,
555,DarmanitanZen Mode,Fire,Psychic,540,105,30,105,140,105,55,5,False,Zen Mode,
556,Maractus,Grass,,461,75,86,67,106,67,60,5,False,Water Absorb,Chlorophyll
557,Dwebble,Bug,Rock,325,50,65,85,35,35,55,5,False,Sturdy,Shell Armor
558,Crustle,Bug,Rock,475,70,95,125,65,75,45,5,False,Sturdy,Shell Armor
559,Scraggy,Dark,Fighting,348,50,75,70,35,70,48,5,False,Shed Skin,Moxie
560,Scrafty,Dark,Fighting,488,65,90,115,45,115,58,5,False,Shed Skin,Moxie
561,Sigilyph,Psychic,Flying,490,72,58,80,103,80,97,5,False,Wonder Skin,Magic Guard
562,Yamask,Ghost,,303,38,30,85,55,65,30,5,False,Mummy,
563,Cofagrigus,Ghost,,483,58,50,145,95,105,30,5,False,Mummy,
564,Tirtouga,Water,Rock,355,54,78,103,53,45,22,5,False,Solid Rock,Sturdy
565,Carracosta,Water,Rock,495,74,108,133,83,65,32,5,False,Solid Rock,Sturdy
566,Archen,Rock,Flying,401,55,112,45,74,45,70,5,False,Defeatist,
567,Archeops,Rock,Flying,567,75,140,65,112,65,110,5,False,Defeatist,
568,Trubbish,Poison,,329,50,50,62,40,62,65,5,False,Stench,Sticky Hold
569,Garbodor,Poison,,474,80,95,82,60,82,75,5,False,Stench,Weak Armor
570,Zorua,Dark,,330,40,65,40,80,40,65,5,False,Illusion,
571,Zoroark,Dark,,510,60,105,60,120,60,105,5,False,Illusion,
572,Minccino,Normal,,300,55,50,40,40,40,75,5,False,Cute Charm,Technician
573,Cinccino,Normal,,470,75,95,60,65,60,115,5,False,Cute Charm,Technician
574,Gothita,Psychic,,290,45,30,50,55,65,45,5,False,Frisk,Competitive
575,Gothorita,Psychic,,390,60,45,70,75,85,55,5,False,Frisk,Competitive
576,Gothitelle,Psychic,,490,70,55,95,95,110,65,5,False,Frisk,Competitive
577,Solosis,Psychic,,290,45,30,40,105,50,20,5,False,Overcoat,Magic Guard
578,Duosion,Psychic,,370,65,40,50,125,60,30,5,False,Overcoat,Magic Guard
579,Reuniclus,Psychic,,490,110,65,75,125,85,30,5,False,Overcoat,Magic Guard
580,Ducklett,Water,Flying,305,62,44,50,44,50,55,5,False,Keen Eye,Big Pecks
581,Swanna,Water,Flying,473,75,87,63,87,63,98,5,False,Keen Eye,Big Pecks
582,Vanillite,Ice,,305,36,50,50,65,60,44,5,False,Ice Body,Snow Cloak
583,Vanillish,Ice,,395,51,65,65,80,75,59,5,False,Ice Body,Snow Cloak
584,Vanilluxe,Ice,,535,71,95,85,110,95,79,5,False,Ice Body,Snow Warning
585,Deerling,Normal,Grass,335,60,60,50,40,50,75,5,False,Chlorophyll,Sap Sipper
586,Sawsbuck,Normal,Grass,475,80,100,70,60,70,95,5,False,Chlorophyll,Sap Sipper
587,Emolga,Electric,Flying,428,55,75,60,75,60,103,5,False,Static,
588,Karrablast,Bug,,315,50,75,45,40,45,60,5,False,Swarm,Shed Skin
589,Escavalier,Bug,Steel,495,70,135,105,60,105,20,5,False,Swarm,Shell Armor
590,Foongus,Grass,Poison,294,69,55,45,55,55,15,5,False,Effect Spore,
591,Amoonguss,Grass,Poison,464,114,85,70,85,80,30,5,False,Effect Spore,
592,Frillish,Water,Ghost,335,55,40,50,65,85,40,5,False,Water Absorb,Cursed Body
593,Jellicent,Water,Ghost,480,100,60,70,85,105,60,5,False,Water Absorb,Cursed Body
594,Alomomola,Water,,470,165,75,80,40,45,65,5,False,Healer,Hydration
595,Joltik,Bug,Electric,319,50,47,50,57,50,65,5,False,Compound Eyes,Unnerve
596,Galvantula,Bug,Electric,472,70,77,60,97,60,108,5,False,Compound Eyes,Unnerve
597,Ferroseed,Grass,Steel,305,44,50,91,24,86,10,5,False,Iron Barbs,
598,Ferrothorn,Grass,Steel,489,74,94,131,54,116,20,5,False,Iron Barbs,
599,Klink,Steel,,300,40,55,70,45,60,30,5,False,Plus,Minus
600,Klang,Steel,,440,60,80,95,70,85,50,5,False,Plus,Minus
601,Klinklang,Steel,,520,60,100,115,70,85,90,5,False,Plus,Minus
602,Tynamo,Electric,,275,35,55,40,45,40,60,5,False,Levitate,
603,Eelektrik,Electric,,405,65,85,70,75,70,40,5,False,Levitate,
604,Eelektross,Electric,,515,85,115,80,105,80,50,5,False,Levitate,
605,Elgyem,Psychic,,335,55,55,55,85,55,30,5,False,Telepathy,Synchronize
606,Beheeyem,Psychic,,485,75,75,75,125,95,40,5,False,Telepathy,Synchronize
607,Litwick,Ghost,Fire,275,50,30,55,65,55,20,5,False,Flash Fire,Flame Body
608,Lampent,Ghost,Fire,370,60,40,60,95,60,55,5,False,Flash Fire,Flame Body
609,Chandelure,Ghost,Fire,520,60,55,90,145,90,80,5,False,Flash Fire,Flame Body
610,Axew,Dragon,,320,46,87,60,30,40,57,5,False,Rivalry,Mold Breaker
611,Fraxure,Dragon,,410,66,117,70,40,50,67,5,False,Rivalry,Mold Breaker
612,Haxorus,Dragon,,540,76,147,90,60,70,97,5,False,Rivalry,Mold Breaker
613,Cubchoo,Ice,,305,55,70,40,60,40,40,5,False,Snow Cloak,Slush Rush
614,Beartic,Ice,,485,95,110,80,70,80,50,5,False,Snow Cloak,Slush Rush
615,Cryogonal,Ice,,485,70,50,30,95,135,105,5,False,Levitate,
616,Shelmet,Bug,,305,50,40,85,40,65,25,5,False,Hydration,Shell Armor
617,Accelgor,Bug,,495,80,70,40,100,60,145,5,False,Hydration,Sticky Hold
618,Stunfisk,Ground,Electric,471,109,66,84,81,99,32,5,False,Static,Limber
619,Mienfoo,Fighting,,350,45,85,50,55,50,65,5,False,Inner Focus,Regenerator
620,Mienshao,Fighting,,510,65,125,60,95,60,105,5,False,Inner Focus,Regenerator
621,Druddigon,Dragon,,485,77,120,90,60,90,48,5,False,Rough Skin,Sheer Force
622,Golett,Ground,Ghost,303,59,74,50,35,50,35,5,False,Iron Fist,Klutz
623,Golurk,Ground,Ghost,483,89,124,80,55,80,55,5,False,Iron Fist,Klutz
624,Pawniard,Dark,Steel,340,45,85,70,40,40,60,5,False,Defiant,Inner Focus
625,Bisharp,Dark,Steel,490,65,125,100,60,70,70,5,False,Defiant,Inner Focus
626,Bouffalant,Normal,,490,95,110,95,40,95,55,5,False,Reckless,Sap Sipper
627,Rufflet,Normal,Flying,350,70,83,50,37,50,60,5,False,Keen Eye,Sheer Force
628,Braviary,Normal,Flying,510,100,123,75,57,75,80,5,False,Keen Eye,Sheer Force
629,Vullaby,Dark,Flying,370,70,55,75,45,65,60,5,False,Big Pecks,Overcoat
630,Mandibuzz,Dark,Flying,510,110,65,105,55,95,80,5,False,Big Pecks,Overcoat
631,Heatmor,Fire,,484,85,97,66,105,66,65,5,False,Gluttony,Flash Fire
632,Durant,Bug,Steel,484,58,109,112,48,48,109,5,False,Swarm,Hustle
633,Deino,Dark,Dragon,300,52,65,50,45,50,38,5,False,Hustle,
634,Zweilous,Dark,Dragon,420,72,85,70,65,70,58,5,False,Hustle,
635,Hydreigon,Dark,Dragon,600,92,105,90,125,90,98,5,False,Levitate,
636,Larvesta,Bug,Fire,360,55,85,55,50,55,60,5,False,Flame Body,
637,Volcarona,Bug,Fire,550,85,60,65,135,105,100,5,False,Flame Body,
638,Cobalion,Steel,Fighting,580,91,90,129,90,72,108,5,True,Justified,
639,Terrakion,Rock,Fighting,580,91,129,90,72,90,108,5,True,Justified,
640,Virizion,Grass,Fighting,580,91,90,72,90,129,108,5,True,Justified,
641,TornadusIncarnate Forme,Flying,,580,79,115,70,125,80,111,5,True,Prankster,
641,TornadusTherian Forme,Flying,,580,79,100,80,110,90,121,5,True,Regenerator,
642,ThundurusIncarnate Forme,Electric,Flying,580,79,115,70,125,80,111,5,True,Prankster,
642,ThundurusTherian Forme,Electric,Flying,580,79,105,70,145,80,101,5,True,Volt Absorb,
643,Reshiram,Dragon,Fire,680,100,120,100,150,120,90,5,True,Turboblaze,
644,Zekrom,Dragon,Electric,680,100,150,120,120,100,90,5,True,Teravolt,
645,LandorusIncarnate Forme,Ground,Flying,600,89,125,90,115,80,101,5,True,Sand Force,
645,LandorusTherian Forme,Ground,Flying,600,89,145,90,105,80,91,5,True,Intimidate,
646,Kyurem,Dragon,Ice,660,125,130,90,130,90,95,5,True,Pressure,
646,KyuremBlack Kyurem,Dragon,Ice,700,125,170,100,120,90,95,5,True,Turboblaze,
646,KyuremWhite Kyurem,Dragon,Ice,700,125,120,90,170,100,95,5,True,Teravolt,
647,KeldeoOrdinary Forme,Water,Fighting,580,91,72,90,129,90,108,5,False,Justified,
647,KeldeoResolute Forme,Water,Fighting,580,91,72,90,129,90,108,5,False,Justified,
648,MeloettaAria Forme,Normal,Psychic,600,100,77,77,128,128,90,5,False,Serene Grace,
648,MeloettaPirouette Forme,Normal,Fighting,600,100,128,90,77,77,128,5,False,Serene Grace,
649,Genesect,Bug,Steel,600,71,120,95,120,95,99,5,False,Download,
650,Chespin,Grass,,313,56,61,65,48,45,38,6,False,Overgrow,
651,Quilladin,Grass,,405,61,78,95,56,58,57,6,False,Overgrow,
652,Chesnaught,Grass,Fighting,530,88,107,122,74,75,64,6,False,Overgrow,
653,Fennekin,Fire,,307,40,45,40,62,60,60,6,False,Blaze,
654,Braixen,Fire,,409,59,59,58,90,70,73,6,False,Blaze,
655,Delphox,Fire,Psychic,534,75,69,72,114,100,104,6,False,Blaze,
656,Froakie,Water,,314,41,56,40,62,44,71,6,False,Torrent,
657,Frogadier,Water,,405,54,63,52,83,56,97,6,False,Torrent,
658,Greninja,Water,Dark,530,72,95,67,103,71,122,6,False,Torrent,
659,Bunnelby,Normal,,237,38,36,38,32,36,57,6,False,Pickup,Cheek Pouch
660,Diggersby,Normal,Ground,423,85,56,77,50,77,78,6,False,Pickup,Cheek Pouch
661,Fletchling,Normal,Flying,278,45,50,43,40,38,62,6,False,Big Pecks,
662,Fletchinder,Fire,Flying,382,62,73,55,56,52,84,6,False,Flame Body,
663,Talonflame,Fire,Flying,499,78,81,71,74,69,126,6,False,Flame Body,
664,Scatterbug,Bug,,200,38,35,40,27,25,35,6,False,Shield Dust,Compound Eyes
665,Spewpa,Bug,,213,45,22,60,27,30,29,6,False,Shed Skin,
666,Vivillon,Bug,Flying,411,80,52,50,90,50,89,6,False,Shield Dust,Compound Eyes
667,Litleo,Fire,Normal,369,62,50,58,73,54,72,6,False,Rivalry,Unnerve
668,Pyroar,Fire,Normal,507,86,68,72,109,66,106,6,False,Rivalry,Unnerve
669,Flabébé,Fairy,,303,44,38,39,61,79,42,6,False,Flower Veil,
670,Floette,Fairy,,371,54,45,47,75,98,52,6,False,Flower Veil,
671,Florges,Fairy,,552,78,65,68,112,154,75,6,False,Flower Veil,
672,Skiddo,Grass,,350,66,65,48,62,57,52,6,False,Sap Sipper,
673,Gogoat,Grass,,531,123,100,62,97,81,68,6,False,Sap Sipper,
674,Pancham,Fighting,,348,67,82,62,46,48,43,6,False,Iron Fist,Mold Breaker
675,Pangoro,Fighting,Dark,495,95,124,78,69,71,58,6,False,Iron Fist,Mold Breaker
676,Furfrou,Normal,,472,75,80,60,65,90,102,6,False,Fur Coat,
677,Espurr,Psychic,,355,62,48,54,63,60,68,6,False,Keen Eye,Infiltrator
678,MeowsticMale,Psychic,,466,74,48,76,83,81,104,6,False,Keen Eye,Infiltrator
678,MeowsticFemale,Psychic,,466,74,48,76,83,81,104,6,False,Keen Eye,Infiltrator
679,Honedge,Steel,Ghost,325,45,80,100,35,37,28,6,False,No Guard,
680,Doublade,Steel,Ghost,448,59,110,150,45,49,35,6,False,No Guard,
681,AegislashBlade Forme,Steel,Ghost,520,60,150,50,150,50,60,6,False,Stance Change,
681,AegislashShield Forme,Steel,Ghost,520,60,50,150,50,150,60,6,False,Stance Change,
682,Spritzee,Fairy,,341,78,52,60,63,65,23,6,False,Healer,
683,Aromatisse,Fairy,,462,101,72,72,99,89,29,6,False,Healer,
684,Swirlix,Fairy,,341,62,48,66,59,57,49,6,False,Sweet Veil,
685,Slurpuff,Fairy,,480,82,80,86,85,75,72,6,False,Sweet Veil,
686,Inkay,Dark,Psychic,288,53,54,53,37,46,45,6,False,Contrary,Suction Cups
687,Malamar,Dark,Psychic,482,86,92,88,68,75,73,6,False,Contrary,Suction Cups
688,Binacle,Rock,Water,306,42,52,67,39,56,50,6,False,Tough Claws,Sniper
689,Barbaracle,Rock,Water,500,72,105,115,54,86,68,6,False,Tough Claws,Sniper
690,Skrelp,Poison,Water,320,50,60,60,60,60,30,6,False,Poison Point,Poison Touch
691,Dragalge,Poison,Dragon,494,65,75,90,97,123,44,6,False,Poison Point,Poison Touch
692,Clauncher,Water,,330,50,53,62,58,63,44,6,False,Mega Launcher,
693,Clawitzer,Water,,500,71,73,88,120,89,59,6,False,Mega Launcher,
694,Helioptile,Electric,Normal,289,44,38,33,61,43,70,6,False,Dry Skin,Sand Veil
695,Heliolisk,Electric,Normal,481,62,55,52,109,94,109,6,False,Dry Skin,Sand Veil
696,Tyrunt,Rock,Dragon,362,58,89,77,45,45,48,6,False,Strong Jaw,
697,Tyrantrum,Rock,Dragon,521,82,121,119,69,59,71,6,False,Strong Jaw,
698,Amaura,Rock,Ice,362,77,59,50,67,63,46,6,False,Refrigerate,
699,Aurorus,Rock,Ice,521,123,77,72,99,92,58,6,False,Refrigerate,
700,Sylveon,Fairy,,525,95,65,65,110,130,60,6,False,Cute Charm,
701,Hawlucha,Fighting,Flying,500,78,92,75,74,63,118,6,False,Limber,Unburden
702,Dedenne,Electric,Fairy,431,67,58,57,81,67,101,6,False,Cheek Pouch,Pickup
703,Carbink,Rock,Fairy,500,50,50,150,50,150,50,6,False,Clear Body,
704,Goomy,Dragon,,300,45,50,35,55,75,40,6,False,Sap Sipper,Hydration
705,Sliggoo,Dragon,,452,68,75,53,83,113,60,6,False,Sap Sipper,Hydration
706,Goodra,Dragon,,600,90,100,70,110,150,80,6,False,Sap Sipper,Hydration
707,Klefki,Steel,Fairy,470,57,80,91,80,87,75,6,False,Prankster,
708,Phantump,Ghost,Grass,309,43,70,48,50,60,38,6,False,Natural Cure,Frisk
709,Trevenant,Ghost,Grass,474,85,110,76,65,82,56,6,False,Natural Cure,Frisk
710,PumpkabooAverage Size,Ghost,Grass,335,49,66,70,44,55,51,6,False,Pickup,Frisk
710,PumpkabooSmall Size,Ghost,Grass,335,44,66,70,44,55,56,6,False,Pickup,Frisk
710,PumpkabooLarge Size,Ghost,Grass,335,54,66,70,44,55,46,6,False,Pickup,Frisk
710,PumpkabooSuper Size,Ghost,Grass,335,59,66,70,44,55,41,6,False,Pickup,Frisk
711,GourgeistAverage Size,Ghost,Grass,494,65,90,122,58,75,84,6,False,Pickup,Frisk
711,GourgeistSmall Size,Ghost,Grass,494,55,85,122,58,75,99,6,False,Pickup,Frisk
711,GourgeistLarge Size,Ghost,Grass,494,75,95,122,58,75,69,6,False,Pickup,Frisk
711,GourgeistSuper Size,Ghost,Grass,494,85,100,122,58,75,54,6,False,Pickup,Frisk
712,Bergmite,Ice,,304,55,69,85,32,35,28,6,False,Own Tempo,Ice Body
713,Avalugg,Ice,,514,95,117,184,44,46,28,6,False,Own Tempo,Ice Body
714,Noibat,Flying,Dragon,245,40,30,35,45,40,55,6,False,Frisk,Infiltrator
715,Noivern,Flying,Dragon,535,85,70,80,97,80,123,6,False,Frisk,Infiltrator
716,Xerneas,Fairy,,680,126,131,95,131,98,99,6,True,Fairy Aura,
717,Yveltal,Dark,Flying,680,126,131,95,131,98,99,6,True,Dark Aura,
718,Zygarde50% Forme,Dragon,Ground,600,108,100,121,81,95,95,6,True,Aura Break,Power Construct
719,Diancie,Rock,Fairy,600,50,100,150,100,150,50,6,True,Clear Body,
720,HoopaHoopa Confined,Psychic,Ghost,600,80,110,60,150,130,70,6,True,Magician,
720,HoopaHoopa Unbound,Psychic,Dark,680,80,160,60,170,130,80,6,True,Magician,
721,Volcanion,Fire,Water,600,80,110,120,130,90,70,6,True,Water Absorb,
